{"cameraMode":{"drawMode":0,"name":"Shaded","section":"Shading Mode"},"sceneLighting":false,"audioPlay":false,"sceneViewState":{"m_AlwaysRefresh":false,"showFog":false,"showSkybox":false,"showFlares":false,"showImageEffects":false,"showParticleSystems":false,"showVisualEffectGraphs":true,"m_FxEnabled":true},"in2DMode":false,"pivot":{"x":0.18911433219909669,"y":1.2918493747711182,"z":0.12506377696990968},"rotation":{"x":-0.0015111661050468684,"y":0.998350977897644,"z":-0.03145846724510193,"w":-0.047957662492990497},"size":1.1527698040008546,"orthographic":false}